<?xml version="1.0" encoding="UTF-8" standalone="yes"?>
<addon id="plugin.video.ontv"
       name="OnTV"
       version="1.0.0"
       provider-name="OnTV">

  <requires>
    <import addon="xbmc.python" version="2.25.0"/>
    <import addon="xbmc.gui"    version="5.14.0"/>
  </requires>

  <extension point="xbmc.python.pluginsource" library="default.py">
    <provides>video</provides>
  </extension>

  <extension point="xbmc.addon.metadata">
    <summary lang="pt">OnTV - O Seu Portal IPTV</summary>
    <description lang="pt">
      OnTV é o seu portal de televisão IPTV gratuito.
      TV Ao Vivo com múltiplos servidores e listas M3U.
      Navegue pelos seus canais favoritos de forma simples e rápida.
    </description>
    <disclaimer lang="pt">
      Este addon não aloja qualquer conteúdo. Apenas agrega listas M3U públicas ou configuradas pelo utilizador.
      Utilize por sua conta e risco. Os criadores não se responsabilizam pelo conteúdo exibido.
    </disclaimer>
    <language>pt</language>
    <platform>all</platform>
    <license>GNU GENERAL PUBLIC LICENSE v2</license>
    <news>
      v1.0.0 - Lançamento inicial do OnTV
    </news>
  </extension>

</addon>
