<?xml version="1.0" encoding="UTF-8" standalone="yes"?>
<addon id="plugin.video.ontv"
       name="OnTV"
       version="1.0.0"
       provider-name="OnTV">

  <requires>
    <import addon="xbmc.python" version="3.0.0"/>
    <import addon="xbmc.gui"    version="5.14.0"/>
  </requires>

  <extension point="xbmc.python.pluginsource" library="default.py">
    <provides>video</provides>
  </extension>

  <extension point="xbmc.addon.metadata">
    <summary lang="en">OnTV - IPTV Portal</summary>
    <summary lang="pt">OnTV - O Seu Portal IPTV</summary>
    <description lang="en">IPTV portal with multiple M3U servers and automatic group navigation.</description>
    <description lang="pt">Portal IPTV com múltiplos servidores M3U e navegação automática por grupos.</description>
    <disclaimer lang="pt">Este addon não aloja qualquer conteúdo. Utilize por sua conta e risco.</disclaimer>
    <platform>all</platform>
    <license>GNU GENERAL PUBLIC LICENSE v2</license>
    <news>v1.0.0 - Lançamento inicial</news>
  </extension>

</addon>
