<?xml version="1.0" encoding="UTF-8" standalone="yes"?>
<addon id="plugin.video.ontv" name="OnTV" version="1.0.0" provider-name="OnTV">
  <requires>
    <import addon="xbmc.python" version="3.0.0"/>
  </requires>
  <extension point="xbmc.python.pluginsource" library="default.py">
    <provides>video</provides>
  </extension>
  <extension point="xbmc.addon.metadata">
    <platform>all</platform>
    <summary lang="en">OnTV</summary>
    <description lang="en">IPTV Portal</description>
  </extension>
</addon>
