<?xml version="1.0" encoding="UTF-8" standalone="yes"?>
<addon id="plugin.video.ontv"
       name="OnTV"
       version="1.0.0"
       provider-name="OnTV">
  <requires>
    <import addon="xbmc.python" version="3.0.0"/>
    <import addon="xbmc.addon" version="12.0.0"/>
  </requires>
  <extension point="xbmc.python.pluginsource" library="default.py">
    <provides>video</provides>
  </extension>
  <extension point="xbmc.addon.metadata">
    <platform>all</platform>
    <summary lang="en">OnTV - IPTV Portal</summary>
    <description lang="en">IPTV portal with multiple M3U servers.</description>
    <assets>
      <icon>icon.png</icon>
      <fanart>fanart.jpg</fanart>
    </assets>
  </extension>
</addon>
