<?xml version="1.0" encoding="UTF-8" standalone="yes"?>
<addon id="script.module.netunblock" name="Net Unblock" version="0.0.2" provider-name="Joel">
    <requires>
        <import addon="script.module.six"/>
        <import addon="script.module.requests"/>
    </requires>
    <extension point="xbmc.python.module" library="lib"/>
    <extension point="xbmc.addon.metadata">
        <platform>all</platform>
        <hidden>true</hidden>
        <summary lang="en">DNS over HTTPS resolver for Kodi.</summary>
        <assets>
            <icon>icon.png</icon>
            <fanart>fanart.jpg</fanart>
        </assets>
    </extension>
</addon>
